date,fgi,nasdaq,hs300,gold_cny
2016-01,26,4613.95,2965.25,2.36
2016-02,55,4557.95,3050.67,2.59
2016-03,71,4869.85,3235.41,2.55
2016-04,67,4775.36,3063.42,2.66
2016-05,77,4948.05,3159.09,2.58
2016-06,62,4842.67,3152.76,2.82
2016-07,80,5162.13,3226.27,2.86
2016-08,62,5213.22,3327.82,2.82
2016-09,43,5312.00,3269.59,2.84
2016-10,26,5189.14,3354.80,2.79
2016-11,73,5323.68,3520.40,2.65
2016-12,58,5383.12,3310.08,2.64
2017-01,54,5614.79,3413.49,2.64
2017-02,64,5825.44,3459.94,2.77
2017-03,47,5911.74,3467.53,2.76
2017-04,49,6047.61,3419.63,2.81
2017-05,50,6198.52,3483.43,2.78
2017-06,49,6140.42,3666.30,2.71
2017-07,66,6348.12,3737.03,2.74
2017-08,43,6428.66,3818.76,2.76
2017-09,84,6495.96,3836.50,2.74
2017-10,69,6727.67,3992.70,2.72
2017-11,73,6873.97,4030.85,2.72
2017-12,53,6903.39,4030.19,2.71
2018-01,61,7411.48,4275.90,2.73
2018-02,15,7273.01,3870.35,2.69
2018-03,8,7063.45,3897.34,2.69
2018-04,42,7066.27,3756.88,2.69
2018-05,43,7442.12,3795.12,2.69
2018-06,34,7510.30,3510.98,2.66
2018-07,66,7671.79,3493.79,2.67
2018-08,71,8109.54,3334.14,2.65
2018-09,47,8046.35,3443.13,2.62
2018-10,7,7305.90,3176.52,2.72
2018-11,22,7330.54,3243.71,2.73
2018-12,12,6635.28,3010.65,2.83
2019-01,58,7281.74,3195.58,2.84
2019-02,72,7532.53,3825.41,2.83
2019-03,49,7729.32,3872.34,2.79
2019-04,65,8095.39,3948.25,2.77
2019-05,24,7453.15,3613.55,2.88
2019-06,50,8006.24,3829.56,3.11
2019-07,48,8175.42,3835.57,3.16
2019-08,23,7962.88,3850.87,3.51
2019-09,54,7999.34,3840.33,3.40
2019-10,72,8292.36,3925.64,3.36
2019-11,79,8665.47,3937.17,3.27
2019-12,93,8972.60,4051.83,3.38
2020-01,44,9150.94,4003.90,3.43
2020-02,10,8567.37,3887.38,3.62
2020-03,25,7700.10,3686.16,3.59
2020-04,47,8889.55,3912.58,3.75
2020-05,52,9489.87,3842.14,3.86
2020-06,47,10058.77,4256.79,3.91
2020-07,65,10745.27,4658.06,4.22
2020-08,74,11775.46,4844.25,4.12
2020-09,52,11167.51,4585.29,3.97
2020-10,42,10911.59,4695.24,3.90
2020-11,65,12198.74,4943.29,3.63
2020-12,65,12888.28,5042.01,3.85
2021-01,60,13070.69,5351.59,3.78
2021-02,65,13192.35,5336.80,3.61
2021-03,65,13246.87,5048.36,3.49
2021-04,66,13962.68,5123.49,3.62
2021-05,63,13748.74,5331.57,3.83
2021-06,67,14503.95,5224.04,3.58
2021-07,55,14672.68,4811.17,3.72
2021-08,52,15259.24,4805.61,3.69
2021-09,48,14448.58,4866.38,3.54
2021-10,58,15498.39,4908.77,3.61
2021-11,70,15537.69,4832.03,3.61
2021-12,65,15644.97,4940.37,3.64
2022-01,42,14239.88,4563.77,3.59
2022-02,35,13751.40,4581.65,3.79
2022-03,38,14220.52,4222.60,3.83
2022-04,28,12334.64,4016.24,3.94
2022-05,22,12081.39,4091.52,3.88
2022-06,28,11028.74,4485.01,3.82
2022-07,42,12390.69,4170.10,3.75
2022-08,35,11816.20,4078.84,3.76
2022-09,28,10575.62,3804.89,3.78
2022-10,35,10988.15,3508.70,3.81
2022-11,35,11468.00,3853.04,3.94
2022-12,32,10466.48,3871.63,3.99
2023-01,48,11584.55,4156.86,4.07
2023-02,50,11455.54,4069.46,4.01
2023-03,45,12221.91,4050.93,4.28
2023-04,55,12226.58,4029.09,4.30
2023-05,45,12935.29,3798.54,4.36
2023-06,60,13787.92,3842.45,4.35
2023-07,55,14346.02,4014.63,4.41
2023-08,48,14034.97,3765.27,4.49
2023-09,38,13219.32,3689.52,4.44
2023-10,42,12851.24,3572.51,4.62
2023-11,62,14226.22,3496.20,4.59
2023-12,65,15011.35,3431.11,4.65
2024-01,65,15164.01,3215.35,4.65
2024-02,72,16091.92,3516.08,4.65
2024-03,65,16379.46,3537.48,5.13
2024-04,55,15657.82,3604.39,5.29
2024-05,60,16735.02,3579.92,5.34
2024-06,58,17732.60,3461.66,5.30
2024-07,50,17599.40,3442.08,5.44
2024-08,52,17713.62,3321.43,5.52
2024-09,58,18189.17,4017.85,5.71
2024-10,60,18095.15,3891.04,6.10
2024-11,78,19218.17,3916.58,5.92
2024-12,70,19310.79,3934.91,5.93
2025-01,55,19627.44,3817.08,6.20
2025-02,40,18847.28,3890.05,6.44
2025-03,25,17299.29,3887.31,7.01
2025-04,22,17446.34,3775.08,7.47
